,,,,,,,,,,,,,,,
,ES16/048 (FA#74) GIPA Speeding fines in 2014 and 2015 by postcode and age of penalty notice recipient,,,,,,,,,,,,,,
,,,,,,,,,,,,,,,
,,,,,,,,,,,,,,,
,Notes:,,,,,,,,,,,,,,
,"1. Data includes penalties issued between 1-Jan-2014 and 31-Dec-2014, as at 23-Feb-2016, and may change retrospectively as further penalties are loaded.",,,,,,,,,,,,,,
,"2. As the person issued with the fine may have nominated another driver, 'Age' and 'Postcode' relate to the person named on the penalty notice at the date of this report.  'Age' is as at the time of the offence.  OSR is not always able to determine the age of drivers who hold an international licence. ",,,,,,,,,,,,,,
,,,,,,,,,,,,,,,
,"3. Data regarding 'speed cameras' include all camera types (ie, fixed digital speed cameras, mobile cameras and red light/speed safety cameras).",,,,,,,,,,,,,,
,4. Data regarding 'Top 10 highest speeds recorded by speed cameras' does not include NSW Police issued speeding penalties.,,,,,,,,,,,,,,
,5. Data does not include penalties where the recipient does not have a NSW postcode.,,,,,,,,,,,,,,
,,,,,,,,,,,,,,,
,"1. Number and value of speeding fines issued by speed cameras and NSW Police, by postcode of recipient",,,,,,,,,,,,,,
,,,,,,,,,,,,,,,
,,,,,,,,,,,,,,,
,Postcode,Speed cameras,,,,Police issued,,,,,,,,,
,,2014,,2015,,2014,,2015,,,,,,,
,,Number,Value ($),Number,Value ($),Number,Value ($),Number,Value ($),,,,,,
,2170," 11,399 "," 3,317,377 "," 11,436 "," 3,414,302 "," 2,480 "," 958,596 "," 2,810 "," 1,157,473 ",,,,,,
,2145," 7,383 "," 2,067,981 "," 8,544 "," 2,496,596 "," 1,559 "," 556,485 "," 1,467 "," 582,823 ",,2. Top 10 highest speeds recorded by speed cameras,,,,
,2560," 6,542 "," 1,799,348 "," 5,669 "," 1,587,243 "," 2,616 "," 857,470 "," 2,465 "," 862,292 ",,,,,,
,2148," 6,142 "," 1,725,718 "," 6,707 "," 1,929,015 "," 1,447 "," 533,053 "," 1,564 "," 636,434 ",,,,,,
,2200," 5,844 "," 1,745,769 "," 6,477 "," 1,927,438 "," 1,107 "," 449,048 "," 1,124 "," 470,023 ",,2014,,,,
,2153," 5,329 "," 1,410,944 "," 5,752 "," 1,633,391 "," 1,162 "," 386,771 "," 1,037 "," 354,193 ",,,,,,
,2770," 4,861 "," 1,272,151 "," 5,351 "," 1,408,724 "," 1,449 "," 545,929 "," 1,598 "," 611,839 ",,Recorded Speed,Posted Speed Limit,Age of Driver,Gender,Postcode
,2144," 5,400 "," 1,615,555 "," 6,002 "," 1,833,580 ", 939 ," 341,334 ", 871 ," 356,773 ",,,,,,
,2026," 5,772 "," 1,366,537 "," 6,002 "," 1,527,323 ", 510 ," 173,952 ", 482 ," 159,570 ",,201,80,22,Male,2061
,2160," 5,027 "," 1,444,543 "," 5,885 "," 1,747,739 ", 785 ," 301,423 ", 854 ," 365,483 ",,200,80,22,Male,2112
,2176," 4,918 "," 1,288,135 "," 4,822 "," 1,304,586 "," 1,244 "," 466,988 "," 1,260 "," 507,033 ",,187,80,22,Male,2121
,2155," 4,517 "," 1,171,330 "," 5,016 "," 1,365,386 "," 1,199 "," 410,099 "," 1,269 "," 468,487 ",,181,80,34,Male,2170
,2161," 4,660 "," 1,387,000 "," 5,235 "," 1,561,443 ", 906 ," 356,975 ", 933 ," 378,081 ",,179,80,26,Male,2148
,2250," 4,164 "," 1,005,091 "," 4,299 "," 993,430 "," 1,630 "," 554,716 "," 1,634 "," 573,183 ",,179,80,34,Male,2134
,2166," 4,956 "," 1,440,273 "," 5,212 "," 1,495,494 ", 742 ," 270,694 ", 788 ," 314,650 ",,177,80,25,Male,2450
,2171," 4,411 "," 1,252,373 "," 4,403 "," 1,257,005 "," 1,340 "," 515,640 "," 1,544 "," 609,875 ",,176,80,29,Male,2145
,2035," 5,470 "," 1,301,463 "," 5,168 "," 1,293,588 ", 556 ," 174,271 ", 500 ," 178,926 ",,176,100,20,Male,2845
,2168," 4,206 "," 1,168,778 "," 4,562 "," 1,291,217 "," 1,247 "," 498,175 "," 1,295 "," 540,808 ",,172,100,61,Male,2447
,2196," 4,496 "," 1,271,125 "," 4,688 "," 1,316,276 ", 873 ," 332,139 ", 872 ," 382,515 ",,170,80,31,Male,2148
,2165," 4,400 "," 1,244,125 "," 4,673 "," 1,394,026 ", 796 ," 284,210 ", 942 ," 400,862 ",,169,80,28,Male,2026
,2147," 4,079 "," 1,140,874 "," 4,368 "," 1,226,399 "," 1,029 "," 344,846 "," 1,083 "," 410,960 ",,,,,,
,2031," 4,869 "," 1,228,517 "," 4,899 "," 1,211,726 ", 405 ," 130,897 ", 370 ," 123,099 ",,,,,,
,2259," 3,399 "," 772,710 "," 3,420 "," 801,700 "," 1,811 "," 574,495 "," 1,615 "," 552,509 ",,2015,,,,
,2154," 4,128 "," 1,043,142 "," 4,394 "," 1,162,521 ", 796 ," 267,563 ", 722 ," 257,626 ",,,,,,
,2000," 4,246 "," 1,279,083 "," 4,747 "," 1,451,865 ", 442 ," 167,794 ", 406 ," 176,093 ",,Recorded Speed,Posted Speed Limit,Age of Driver,Gender,Postcode
,2099," 4,400 "," 1,120,193 "," 4,411 "," 1,148,384 ", 543 ," 179,040 ", 487 ," 171,089 ",,,,,,
,2190," 3,932 "," 1,140,577 "," 4,121 "," 1,168,523 ", 793 ," 318,408 ", 834 ," 360,388 ",,220,80,29,Male,2031
,2500," 3,937 "," 986,791 "," 3,644 "," 935,862 ", 934 ," 310,831 ", 956 ," 338,623 ",,186,80,22,Male,2148
,2216," 3,861 "," 1,004,910 "," 3,774 "," 1,000,148 ", 738 ," 239,439 ", 687 ," 255,303 ",,182,80,19,Male,2034
,2750," 3,279 "," 859,413 "," 3,467 "," 926,413 "," 1,014 "," 357,045 "," 1,164 "," 432,274 ",,179,80,23,Male,2146
,2036," 3,840 "," 918,096 "," 3,890 "," 980,970 ", 552 ," 175,221 ", 496 ," 191,251 ",,173,80,Unknown,Male,2095
,2141," 3,602 "," 1,038,425 "," 4,006 "," 1,188,985 ", 583 ," 202,751 ", 563 ," 201,471 ",,172,80,26,Male,2756
,2747," 3,235 "," 840,595 "," 3,356 "," 900,192 ", 938 ," 326,768 "," 1,176 "," 447,228 ",,171,110,30,Male,2256
,2112," 3,743 "," 939,804 "," 4,031 "," 1,045,216 ", 477 ," 161,751 ", 446 ," 162,994 ",,170,110,32,Male,2285
,2142," 3,574 "," 1,104,005 "," 3,757 "," 1,144,010 ", 567 ," 214,921 ", 555 ," 220,900 ",,169,110,50,Male,2170
,2150," 3,515 "," 1,086,703 "," 4,006 "," 1,250,893 ", 453 ," 160,880 ", 453 ," 178,389 ",,169,60,25,Male,2130
,2234," 3,176 "," 800,793 "," 3,207 "," 838,731 ", 996 ," 317,777 ", 933 ," 333,883 ",,168,70,20,Male,2333
,2122," 3,633 "," 910,233 "," 3,795 "," 973,689 ", 428 ," 144,761 ", 376 ," 134,831 ",,,,,,
,2261," 2,930 "," 651,597 "," 2,819 "," 623,740 "," 1,202 "," 402,793 "," 1,219 "," 422,658 ",,,,,,
,2135," 3,644 "," 987,518 "," 3,644 "," 992,040 ", 411 ," 145,371 ", 379 ," 140,873 ",,,,,,
,2567," 2,655 "," 766,554 "," 2,545 "," 716,225 "," 1,427 "," 469,207 "," 1,390 "," 498,930 ",,,,,,
,2570," 2,282 "," 656,970 "," 2,254 "," 620,537 "," 1,732 "," 538,172 "," 1,740 "," 561,633 ",,,,,,
,2088," 3,457 "," 812,537 "," 3,878 "," 982,233 ", 345 ," 113,258 ", 325 ," 116,556 ",,,,,,
,2195," 3,432 "," 929,416 "," 3,488 "," 996,400 ", 463 ," 167,492 ", 510 ," 218,723 ",,,,,,
,2220," 3,255 "," 852,369 "," 3,315 "," 861,326 ", 687 ," 224,820 ", 621 ," 203,428 ",,,,,,
,2756," 2,545 "," 679,938 "," 2,806 "," 848,218 "," 1,198 "," 390,575 "," 1,321 "," 452,837 ",,,,,,
,2010," 3,502 "," 894,650 "," 3,616 "," 958,690 ", 320 ," 111,976 ", 312 ," 112,488 ",,,,,,
,2034," 3,533 "," 881,361 "," 3,534 "," 901,039 ", 365 ," 106,422 ", 238 ," 79,370 ",,,,,,
,2760," 2,852 "," 779,036 "," 2,979 "," 791,408 ", 873 ," 317,069 ", 963 ," 377,195 ",,,,,,
,2066," 3,219 "," 769,143 "," 3,593 "," 987,351 ", 429 ," 147,925 ", 369 ," 129,303 ",,,,,,
,2210," 2,880 "," 738,709 "," 3,057 "," 798,848 ", 869 ," 274,081 ", 788 ," 260,001 ",,,,,,
,2230," 2,825 "," 679,197 "," 2,896 "," 727,173 ", 950 ," 286,735 ", 892 ," 269,376 ",,,,,,
,2207," 3,128 "," 821,323 "," 3,046 "," 825,989 ", 732 ," 243,214 ", 647 ," 252,617 ",,,,,,
,2046," 3,246 "," 852,980 "," 3,461 "," 953,161 ", 444 ," 159,393 ", 388 ," 145,980 ",,,,,,
,2137," 3,316 "," 855,650 "," 3,428 "," 949,573 ", 359 ," 116,014 ", 358 ," 125,157 ",,,,,,
,2217," 2,995 "," 787,506 "," 3,104 "," 798,973 ", 641 ," 212,487 ", 601 ," 197,171 ",,,,,,
,2229," 2,841 "," 738,511 "," 2,765 "," 738,512 ", 792 ," 240,275 ", 813 ," 258,587 ",,,,,,
,2077," 2,814 "," 695,750 "," 3,381 "," 879,673 ", 530 ," 180,015 ", 457 ," 171,712 ",,,,,,
,2065," 3,118 "," 784,327 "," 3,280 "," 861,059 ", 399 ," 136,529 ", 350 ," 117,956 ",,,,,,
,2650," 1,264 "," 254,003 "," 1,114 "," 237,221 "," 2,444 "," 727,739 "," 2,317 "," 690,458 ",,,,,,
,2795," 1,090 "," 242,668 "," 1,898 "," 396,629 "," 2,224 "," 643,107 "," 1,917 "," 563,399 ",,,,,,
,2800," 1,197 "," 262,671 "," 1,827 "," 418,170 "," 2,030 "," 556,791 "," 1,837 "," 513,024 ",,,,,,
,2763," 2,534 "," 638,822 "," 2,742 "," 720,165 ", 786 ," 260,670 ", 802 ," 295,451 ",,,,,,
,2566," 2,584 "," 1,343,386 "," 2,359 "," 1,007,563 ", 972 ," 304,101 ", 855 ," 303,950 ",,,,,,
,2759," 2,474 "," 624,525 "," 2,478 "," 642,499 ", 805 ," 290,879 ", 880 ," 343,821 ",,,,,,
,2194," 3,035 "," 830,214 "," 2,949 "," 825,529 ", 319 ," 118,426 ", 318 ," 118,132 ",,,,,,
,2232," 2,554 "," 644,341 "," 2,502 "," 643,236 ", 693 ," 220,845 ", 666 ," 212,088 ",,,,,,
,2761," 2,339 "," 609,394 "," 2,550 "," 682,467 ", 719 ," 256,763 ", 805 ," 310,248 ",,,,,,
,2017," 2,730 "," 694,462 "," 3,106 "," 819,756 ", 269 ," 96,701 ", 304 ," 121,608 ",,,,,,
,2121," 2,725 "," 671,933 "," 2,885 "," 719,800 ", 364 ," 127,989 ", 362 ," 128,300 ",,,,,,
,2204," 2,890 "," 808,219 "," 2,662 "," 768,826 ", 321 ," 106,242 ", 317 ," 111,086 ",,,,,,
,2768," 2,441 "," 654,041 "," 2,635 "," 708,913 ", 558 ," 195,039 ", 556 ," 202,142 ",,,,,,
,2540," 1,756 "," 377,124 "," 1,558 "," 361,474 "," 1,495 "," 444,750 "," 1,333 "," 410,841 ",,,,,,
,2745," 2,205 "," 554,334 "," 2,220 "," 581,916 ", 783 ," 291,671 ", 918 ," 334,578 ",,,,,,
,2138," 2,519 "," 669,179 "," 2,889 "," 773,482 ", 336 ," 123,852 ", 301 ," 122,791 ",,,,,,
,2164," 2,500 "," 802,101 "," 2,592 "," 846,936 ", 448 ," 168,058 ", 501 ," 201,568 ",,,,,,
,2117," 2,418 "," 621,844 "," 2,780 "," 740,278 ", 405 ," 136,131 ", 380 ," 137,526 ",,,,,,
,2118," 2,507 "," 622,722 "," 2,639 "," 694,778 ", 410 ," 131,229 ", 403 ," 155,287 ",,,,,,
,2011," 2,631 "," 671,337 "," 2,702 "," 705,542 ", 272 ," 103,266 ", 235 ," 80,224 ",,,,,,
,2320," 1,457 "," 326,847 "," 1,344 "," 314,159 "," 1,672 "," 488,371 "," 1,360 "," 430,192 ",,,,,,
,2040," 2,662 "," 689,064 "," 2,590 "," 693,279 ", 294 ," 98,522 ", 281 ," 97,700 ",,,,,,
,2450," 1,407 "," 289,703 "," 1,306 "," 280,700 "," 1,442 "," 438,291 "," 1,607 "," 482,532 ",,,,,,
,2076," 2,368 "," 584,971 "," 2,493 "," 646,852 ", 403 ," 123,756 ", 379 ," 116,980 ",,,,,,
,2067," 2,430 "," 635,459 "," 2,649 "," 726,896 ", 261 ," 96,594 ", 246 ," 97,872 ",,,,,,
,2162," 2,261 "," 652,139 "," 2,351 "," 679,407 ", 452 ," 184,131 ", 511 ," 213,305 ",,,,,,
,2287," 1,687 "," 389,413 "," 1,663 "," 411,503 "," 1,127 "," 330,364 "," 1,096 "," 330,396 ",,,,,,
,2199," 2,202 "," 654,573 "," 2,484 "," 742,480 ", 424 ," 175,129 ", 461 ," 185,712 ",,,,,,
,2340," 1,016 "," 229,035 ", 973 ," 212,899 "," 1,777 "," 527,706 "," 1,792 "," 521,744 ",,,,,,
,2830, 725 ," 163,803 ", 931 ," 209,298 "," 2,098 "," 642,161 "," 1,780 "," 562,376 ",,,,,,
,2101," 2,433 "," 565,399 "," 2,499 "," 621,188 ", 315 ," 96,940 ", 271 ," 94,604 ",,,,,,
,2114," 2,345 "," 608,829 "," 2,563 "," 697,623 ", 315 ," 112,316 ", 294 ," 109,118 ",,,,,,
,2213," 2,093 "," 533,717 "," 2,241 "," 595,674 ", 552 ," 186,415 ", 618 ," 224,706 ",,,,,,
,2113," 2,344 "," 652,013 "," 2,582 "," 765,252 ", 237 ," 82,415 ", 247 ," 104,085 ",,,,,,
,2151," 2,269 "," 633,327 "," 2,427 "," 659,118 ", 338 ," 118,861 ", 351 ," 122,118 ",,,,,,
,2206," 2,310 "," 618,338 "," 2,319 "," 642,777 ", 367 ," 139,534 ", 343 ," 132,509 ",,,,,,
,2251," 1,902 "," 413,076 "," 1,884 "," 436,658 ", 751 ," 249,307 ", 757 ," 272,324 ",,,,,,
,2290," 1,664 "," 382,348 "," 1,596 "," 384,136 "," 1,067 "," 298,473 ", 945 ," 288,781 ",,,,,,
,2767," 1,969 "," 527,446 "," 2,078 "," 572,427 ", 581 ," 214,575 ", 643 ," 242,101 ",,,,,,
,2444," 1,366 "," 275,747 "," 1,419 "," 288,730 "," 1,145 "," 337,632 "," 1,330 "," 393,707 ",,,,,,
,2093," 2,180 "," 492,940 "," 2,504 "," 591,468 ", 303 ," 98,016 ", 244 ," 88,653 ",,,,,,
,2205," 1,999 "," 551,494 "," 2,393 "," 669,950 ", 399 ," 143,630 ", 383 ," 145,646 ",,,,,,
,2074," 2,178 "," 545,008 "," 2,098 "," 532,788 ", 454 ," 143,301 ", 421 ," 137,270 ",,,,,,
,2528," 1,975 "," 447,747 "," 1,765 "," 436,119 ", 622 ," 196,479 ", 722 ," 248,226 ",,,,,,
,2131," 2,358 "," 672,358 "," 2,237 "," 638,098 ", 213 ," 70,677 ", 205 ," 80,383 ",,,,,,
,2233," 1,842 "," 457,299 "," 1,792 "," 432,094 ", 707 ," 228,855 ", 629 ," 195,582 ",,,,,,
,2530," 1,704 "," 416,293 "," 1,715 "," 429,056 ", 702 ," 227,749 ", 838 ," 280,866 ",,,,,,
,2529," 1,876 "," 421,605 "," 1,648 "," 376,871 ", 620 ," 206,586 ", 804 ," 259,645 ",,,,,,
,2100," 2,182 "," 574,553 "," 2,215 "," 586,098 ", 275 ," 94,335 ", 257 ," 81,396 ",,,,,,
,2030," 2,151 "," 506,183 "," 2,348 "," 565,246 ", 209 ," 71,854 ", 211 ," 71,133 ",,,,,,
,2021," 2,080 "," 516,260 "," 2,345 "," 575,691 ", 198 ," 67,972 ", 158 ," 52,338 ",,,,,,
,2018," 2,079 "," 508,790 "," 2,082 "," 554,461 ", 331 ," 108,054 ", 264 ," 99,759 ",,,,,,
,2120," 2,038 "," 528,249 "," 2,115 "," 559,097 ", 313 ," 104,964 ", 278 ," 101,577 ",,,,,,
,2221," 1,971 "," 497,802 "," 1,897 "," 486,001 ", 468 ," 155,008 ", 394 ," 140,231 ",,,,,,
,2075," 1,893 "," 465,009 "," 1,927 "," 476,814 ", 446 ," 141,557 ", 464 ," 150,076 ",,,,,,
,2020," 2,022 "," 550,539 "," 2,126 "," 620,592 ", 288 ," 98,813 ", 267 ," 95,333 ",,,,,,
,2095," 2,050 "," 451,767 "," 2,183 "," 548,084 ", 265 ," 86,918 ", 188 ," 67,312 ",,,,,,
,2041," 2,151 "," 532,233 "," 2,102 "," 546,248 ", 194 ," 65,087 ", 216 ," 71,323 ",,,,,,
,2260," 1,819 "," 390,427 "," 1,573 "," 351,127 ", 634 ," 196,554 ", 637 ," 212,229 ",,,,,,
,2073," 2,098 "," 541,936 "," 1,982 "," 540,231 ", 314 ," 98,656 ", 229 ," 81,305 ",,,,,,
,2211," 1,829 "," 510,567 "," 1,898 "," 503,468 ", 421 ," 148,741 ", 469 ," 178,026 ",,,,,,
,2125," 1,912 "," 485,636 "," 2,005 "," 499,121 ", 324 ," 105,612 ", 325 ," 108,693 ",,,,,,
,2192," 2,051 "," 592,464 "," 1,922 "," 531,798 ", 287 ," 106,816 ", 256 ," 99,467 ",,,,,,
,2111," 1,876 "," 467,187 "," 2,096 "," 561,688 ", 244 ," 89,172 ", 228 ," 76,640 ",,,,,,
,2565," 1,686 "," 495,857 "," 1,595 "," 478,482 ", 611 ," 203,377 ", 545 ," 184,606 ",,,,,,
,2223," 1,758 "," 432,763 "," 1,764 "," 443,319 ", 467 ," 144,162 ", 439 ," 134,639 ",,,,,,
,2280," 1,376 "," 304,666 "," 1,284 "," 299,281 ", 969 ," 270,875 ", 787 ," 237,202 ",,,,,,
,2042," 2,015 "," 502,537 "," 1,963 "," 504,784 ", 222 ," 69,793 ", 214 ," 76,165 ",,,,,,
,2022," 2,056 "," 514,413 "," 2,066 "," 537,635 ", 145 ," 46,322 ", 136 ," 47,000 ",,,,,,
,2212," 1,811 "," 509,951 "," 1,763 "," 510,163 ", 385 ," 140,649 ", 439 ," 155,718 ",,,,,,
,2107," 1,969 "," 452,458 "," 1,914 "," 458,518 ", 257 ," 79,113 ", 257 ," 80,278 ",,,,,,
,2285," 1,265 "," 292,854 "," 1,232 "," 301,162 ", 944 ," 275,119 ", 936 ," 288,026 ",,,,,,
,2680, 263 ," 68,830 ", 327 ," 83,405 "," 1,749 "," 451,713 "," 2,013 "," 516,155 ",,,,,,
,2126," 1,861 "," 457,915 "," 1,853 "," 468,689 ", 301 ," 100,791 ", 323 ," 117,022 ",,,,,,
,2032," 1,946 "," 474,104 "," 1,997 "," 535,500 ", 183 ," 61,472 ", 210 ," 68,447 ",,,,,,
,2480," 1,152 "," 245,189 "," 1,033 "," 223,059 "," 1,226 "," 369,939 ", 889 ," 285,714 ",,,,,,
,2209," 1,772 "," 484,203 "," 1,747 "," 493,171 ", 406 ," 133,104 ", 365 ," 122,254 ",,,,,,
,2257," 1,519 "," 344,906 "," 1,633 "," 375,637 ", 566 ," 198,510 ", 561 ," 186,443 ",,,,,,
,2228," 1,652 "," 424,096 "," 1,690 "," 431,967 ", 500 ," 150,448 ", 413 ," 136,506 ",,,,,,
,2323," 1,122 "," 254,054 "," 1,017 "," 239,935 "," 1,149 "," 338,219 ", 931 ," 310,631 ",,,,,,
,2177," 1,707 "," 456,175 "," 1,751 "," 474,724 ", 349 ," 129,977 ", 393 ," 169,231 ",,,,,,
,2325, 933 ," 232,507 ", 969 ," 235,137 "," 1,212 "," 381,654 "," 1,042 "," 327,058 ",,,,,,
,2140," 1,810 "," 555,901 "," 1,799 "," 557,091 ", 241 ," 82,396 ", 265 ," 97,104 ",,,,,,
,2753," 1,348 "," 363,446 "," 1,405 "," 399,425 ", 647 ," 208,116 ", 673 ," 234,034 ",,,,,,
,2219," 1,715 "," 431,259 "," 1,601 "," 396,734 ", 408 ," 126,180 ", 348 ," 119,285 ",,,,,,
,2097," 1,759 "," 410,979 "," 1,809 "," 437,894 ", 233 ," 74,787 ", 194 ," 65,658 ",,,,,,
,2060," 1,735 "," 450,066 "," 1,799 "," 475,399 ", 227 ," 72,946 ", 186 ," 67,828 ",,,,,,
,2218," 1,635 "," 411,851 "," 1,627 "," 439,318 ", 395 ," 127,957 ", 287 ," 99,568 ",,,,,,
,2208," 1,717 "," 480,583 "," 1,634 "," 483,458 ", 295 ," 92,147 ", 292 ," 98,114 ",,,,,,
,2224," 1,528 "," 374,556 "," 1,507 "," 390,079 ", 425 ," 143,427 ", 451 ," 147,730 ",,,,,,
,2096," 1,709 "," 386,579 "," 1,804 "," 419,866 ", 193 ," 59,829 ", 186 ," 62,299 ",,,,,,
,2009," 1,757 "," 442,021 "," 1,791 "," 499,099 ", 170 ," 66,993 ", 157 ," 55,523 ",,,,,,
,2518," 1,585 "," 367,635 "," 1,411 "," 336,635 ", 397 ," 121,470 ", 469 ," 165,945 ",,,,,,
,2127," 1,504 "," 416,695 "," 1,712 "," 480,874 ", 326 ," 102,209 ", 315 ," 109,193 ",,,,,,
,2134," 1,731 "," 491,972 "," 1,757 "," 508,692 ", 184 ," 66,966 ", 179 ," 68,222 ",,,,,,
,2263," 1,256 "," 285,032 "," 1,333 "," 315,358 ", 692 ," 223,147 ", 564 ," 196,014 ",,,,,,
,2749," 1,345 "," 335,411 "," 1,268 "," 332,701 ", 580 ," 206,983 ", 632 ," 237,602 ",,,,,,
,2193," 1,720 "," 447,293 "," 1,678 "," 456,899 ", 216 ," 73,925 ", 187 ," 68,173 ",,,,,,
,2283," 1,013 "," 231,427 "," 1,063 "," 248,819 ", 902 ," 246,971 ", 820 ," 235,728 ",,,,,,
,2015," 1,794 "," 528,986 "," 1,704 "," 517,625 ", 156 ," 44,751 ", 131 ," 46,863 ",,,,,,
,2146," 1,484 "," 427,086 "," 1,563 "," 440,321 ", 355 ," 129,205 ", 362 ," 143,658 ",,,,,,
,2526," 1,449 "," 370,707 "," 1,322 "," 346,068 ", 409 ," 130,935 ", 520 ," 176,160 ",,,,,,
,2430, 999 ," 209,956 "," 1,024 "," 229,069 ", 900 ," 266,663 ", 764 ," 231,582 ",,,,,,
,2765," 1,286 "," 366,807 "," 1,283 "," 395,213 ", 515 ," 173,054 ", 600 ," 219,550 ",,,,,,
,2037," 1,654 "," 415,142 "," 1,693 "," 446,894 ", 170 ," 59,540 ", 164 ," 52,363 ",,,,,,
,2068," 1,591 "," 388,993 "," 1,665 "," 418,924 ", 214 ," 80,322 ", 205 ," 75,223 ",,,,,,
,2324, 968 ," 220,961 ", 972 ," 234,443 ", 926 ," 276,825 ", 793 ," 252,201 ",,,,,,
,2519," 1,475 "," 341,438 "," 1,341 "," 325,866 ", 407 ," 124,729 ", 432 ," 144,983 ",,,,,,
,2033," 1,707 "," 427,383 "," 1,586 "," 410,919 ", 190 ," 65,249 ", 147 ," 52,016 ",,,,,,
,2330, 687 ," 152,835 ", 690 ," 163,579 "," 1,313 "," 373,654 ", 904 ," 272,957 ",,,,,,
,2023," 1,584 "," 392,833 "," 1,681 "," 390,527 ", 147 ," 49,632 ", 139 ," 50,134 ",,,,,,
,2024," 1,607 "," 388,608 "," 1,689 "," 401,639 ", 116 ," 32,415 ", 122 ," 42,911 ",,,,,,
,2262," 1,121 "," 257,630 "," 1,131 "," 264,015 ", 670 ," 202,365 ", 589 ," 198,979 ",,,,,,
,2071," 1,483 "," 349,728 "," 1,534 "," 389,126 ", 215 ," 70,879 ", 242 ," 79,927 ",,,,,,
,2156," 1,357 "," 345,824 "," 1,305 "," 348,995 ", 381 ," 128,596 ", 413 ," 140,491 ",,,,,,
,2527," 1,091 "," 250,845 "," 1,081 "," 273,516 ", 582 ," 201,002 ", 693 ," 233,317 ",,,,,,
,2089," 1,513 "," 368,141 "," 1,609 "," 414,382 ", 177 ," 61,357 ", 132 ," 47,194 ",,,,,,
,2047," 1,499 "," 373,415 "," 1,595 "," 423,960 ", 172 ," 61,157 ", 153 ," 53,486 ",,,,,,
,2090," 1,506 "," 353,278 "," 1,611 "," 412,326 ", 163 ," 53,500 ", 122 ," 44,850 ",,,,,,
,2029," 1,522 "," 362,349 "," 1,659 "," 388,235 ", 87 ," 29,083 ", 115 ," 38,716 ",,,,,,
,2428," 1,297 "," 243,033 ", 956 ," 187,204 ", 619 ," 179,183 ", 500 ," 159,928 ",,,,,,
,2777," 1,153 "," 266,502 "," 1,187 "," 281,620 ", 464 ," 156,092 ", 536 ," 186,012 ",,,,,,
,2069," 1,343 "," 331,228 "," 1,566 "," 391,963 ", 202 ," 64,413 ", 176 ," 59,504 ",,,,,,
,2227," 1,236 "," 302,671 "," 1,311 "," 327,586 ", 363 ," 109,681 ", 350 ," 97,413 ",,,,,,
,2110," 1,400 "," 326,660 "," 1,500 "," 402,258 ", 193 ," 71,771 ", 156 ," 54,120 ",,,,,,
,2440, 652 ," 132,556 ", 847 ," 170,596 ", 818 ," 240,749 ", 894 ," 249,109 ",,,,,,
,2203," 1,471 "," 370,115 "," 1,415 "," 345,394 ", 171 ," 53,100 ", 145 ," 50,693 ",,,,,,
,2016," 1,523 "," 366,311 "," 1,353 "," 324,757 ", 174 ," 63,495 ", 142 ," 53,757 ",,,,,,
,2115," 1,220 "," 317,787 "," 1,566 "," 437,630 ", 203 ," 68,902 ", 197 ," 67,115 ",,,,,,
,2541," 1,000 "," 223,872 ", 828 ," 202,755 ", 674 ," 210,244 ", 663 ," 206,083 ",,,,,,
,2766," 1,127 "," 296,649 "," 1,275 "," 344,640 ", 363 ," 126,773 ", 372 ," 145,950 ",,,,,,
,2106," 1,418 "," 328,850 "," 1,339 "," 332,004 ", 204 ," 72,632 ", 173 ," 58,465 ",,,,,,
,2070," 1,297 "," 312,786 "," 1,438 "," 368,804 ", 190 ," 64,496 ", 202 ," 71,251 ",,,,,,
,2173," 1,207 "," 311,875 "," 1,273 "," 335,002 ", 297 ," 102,804 ", 324 ," 116,545 ",,,,,,
,2103," 1,374 "," 337,610 "," 1,366 "," 324,342 ", 173 ," 60,707 ", 172 ," 57,388 ",,,,,,
,2019," 1,324 "," 320,245 "," 1,420 "," 402,120 ", 178 ," 61,344 ", 157 ," 51,572 ",,,,,,
,2322, 854 ," 201,761 ", 751 ," 180,767 ", 765 ," 238,882 ", 655 ," 210,941 ",,,,,,
,2564," 1,113 "," 301,783 "," 1,100 "," 297,150 ", 436 ," 142,680 ", 373 ," 134,210 ",,,,,,
,2163," 1,266 "," 367,871 "," 1,338 "," 402,529 ", 198 ," 71,295 ", 213 ," 92,428 ",,,,,,
,2027," 1,357 "," 342,849 "," 1,433 "," 341,338 ", 101 ," 32,599 ", 90 ," 30,571 ",,,,,,
,2222," 1,151 "," 306,097 "," 1,311 "," 335,286 ", 267 ," 79,493 ", 232 ," 77,891 ",,,,,,
,2133," 1,333 "," 362,080 "," 1,314 "," 372,254 ", 156 ," 59,658 ", 155 ," 58,705 ",,,,,,
,2025," 1,324 "," 328,636 "," 1,430 "," 332,605 ", 96 ," 30,351 ", 92 ," 28,658 ",,,,,,
,2197," 1,139 "," 315,129 "," 1,194 "," 335,749 ", 274 ," 109,691 ", 310 ," 123,485 ",,,,,,
,2850, 503 ," 119,235 ", 690 ," 150,285 ", 896 ," 247,915 ", 805 ," 224,023 ",,,,,,
,2152," 1,177 "," 327,375 "," 1,273 "," 361,387 ", 241 ," 76,359 ", 199 ," 70,271 ",,,,,,
,2478, 883 ," 183,056 ", 815 ," 175,043 ", 633 ," 194,075 ", 545 ," 168,124 ",,,,,,
,2119," 1,278 "," 331,213 "," 1,261 "," 325,741 ", 177 ," 54,268 ", 154 ," 53,262 ",,,,,,
,2039," 1,266 "," 314,460 "," 1,366 "," 365,774 ", 115 ," 38,296 ", 109 ," 34,187 ",,,,,,
,2620, 453 ," 117,442 ", 458 ," 125,872 "," 1,031 "," 296,861 ", 897 ," 261,303 ",,,,,,
,2086," 1,267 "," 340,151 "," 1,185 "," 317,923 ", 194 ," 63,273 ", 149 ," 52,143 ",,,,,,
,2558, 962 ," 259,080 ", 909 ," 243,954 ", 482 ," 154,268 ", 435 ," 150,233 ",,,,,,
,2502," 1,072 "," 260,595 ", 988 ," 263,061 ", 323 ," 117,983 ", 402 ," 156,846 ",,,,,,
,2198," 1,079 "," 287,852 "," 1,101 "," 314,405 ", 309 ," 122,432 ", 290 ," 104,067 ",,,,,,
,2158," 1,118 "," 302,277 "," 1,121 "," 304,530 ", 255 ," 84,289 ", 284 ," 104,998 ",,,,,,
,2525," 1,179 "," 294,314 "," 1,030 "," 268,564 ", 276 ," 92,806 ", 280 ," 97,270 ",,,,,,
,2289, 895 ," 218,903 ", 841 ," 213,919 ", 509 ," 148,561 ", 510 ," 152,190 ",,,,,,
,2780, 737 ," 161,304 ", 959 ," 210,962 ", 472 ," 167,638 ", 548 ," 203,831 ",,,,,,
,2533," 1,038 "," 247,130 ", 865 ," 218,909 ", 377 ," 112,382 ", 430 ," 138,962 ",,,,,,
,2291, 937 ," 208,904 ", 916 ," 222,386 ", 433 ," 128,607 ", 417 ," 133,177 ",,,,,,
,2281, 859 ," 189,642 ", 803 ," 183,965 ", 559 ," 155,813 ", 436 ," 128,839 ",,,,,,
,2460, 586 ," 125,759 ", 558 ," 118,529 ", 799 ," 226,391 ", 675 ," 203,231 ",,,,,,
,2300, 939 ," 216,975 ", 915 ," 237,804 ", 361 ," 110,459 ", 400 ," 127,427 ",,,,,,
,2580, 569 ," 148,420 ", 517 ," 132,065 ", 881 ," 253,592 ", 634 ," 197,546 ",,,,,,
,2790, 575 ," 136,347 ", 798 ," 165,348 ", 584 ," 184,370 ", 625 ," 198,806 ",,,,,,
,2517," 1,072 "," 226,878 ", 904 ," 210,282 ", 292 ," 97,835 ", 313 ," 97,290 ",,,,,,
,2049," 1,159 "," 368,797 "," 1,146 "," 310,714 ", 140 ," 43,700 ", 115 ," 40,055 ",,,,,,
,2575, 714 ," 174,081 ", 725 ," 181,572 ", 530 ," 154,855 ", 574 ," 180,277 ",,,,,,
,2350, 443 ," 105,742 ", 438 ," 101,057 ", 765 ," 233,518 ", 896 ," 276,562 ",,,,,,
,2456, 734 ," 147,674 ", 587 ," 120,326 ", 559 ," 163,569 ", 658 ," 196,749 ",,,,,,
,2571, 688 ," 179,245 ", 641 ," 175,178 ", 600 ," 179,556 ", 596 ," 178,059 ",,,,,,
,2143," 1,016 "," 296,633 "," 1,142 "," 352,145 ", 163 ," 52,940 ", 192 ," 75,572 ",,,,,,
,2087," 1,098 "," 279,557 "," 1,070 "," 279,275 ", 155 ," 48,663 ", 166 ," 59,402 ",,,,,,
,2515," 1,089 "," 238,659 ", 903 ," 206,447 ", 246 ," 75,406 ", 239 ," 73,682 ",,,,,,
,2136," 1,156 "," 336,466 "," 1,065 "," 291,857 ", 130 ," 51,636 ", 117 ," 41,978 ",,,,,,
,2132," 1,106 "," 300,460 "," 1,113 "," 316,523 ", 114 ," 35,797 ", 102 ," 34,101 ",,,,,,
,2333, 554 ," 114,821 ", 448 ," 104,278 ", 724 ," 203,429 ", 673 ," 197,763 ",,,,,,
,2774, 834 ," 195,933 ", 882 ," 212,140 ", 299 ," 105,000 ", 375 ," 135,767 ",,,,,,
,2038," 1,082 "," 266,866 "," 1,054 "," 252,560 ", 129 ," 38,336 ", 120 ," 43,142 ",,,,,,
,2481, 831 ," 169,544 ", 822 ," 177,439 ", 354 ," 113,521 ", 354 ," 109,283 ",,,,,,
,2264, 683 ," 155,355 ", 645 ," 154,297 ", 535 ," 147,403 ", 498 ," 152,222 ",,,,,,
,2304, 765 ," 182,851 ", 766 ," 179,905 ", 395 ," 120,650 ", 431 ," 135,108 ",,,,,,
,2226, 921 ," 235,354 ", 891 ," 211,501 ", 275 ," 89,647 ", 260 ," 79,752 ",,,,,,
,2321, 567 ," 126,768 ", 540 ," 127,061 ", 622 ," 184,551 ", 614 ," 193,364 ",,,,,,
,2085," 1,032 "," 271,981 ", 961 ," 262,798 ", 204 ," 65,423 ", 141 ," 44,946 ",,,,,,
,2282, 708 ," 172,672 ", 672 ," 159,769 ", 485 ," 129,829 ", 463 ," 135,380 ",,,,,,
,2758, 712 ," 176,172 ", 713 ," 200,538 ", 371 ," 119,547 ", 454 ," 161,300 ",,,,,,
,2028," 1,030 "," 287,425 "," 1,057 "," 264,934 ", 74 ," 26,876 ", 65 ," 20,644 ",,,,,,
,2577, 655 ," 157,223 ", 588 ," 143,454 ", 470 ," 144,621 ", 512 ," 157,582 ",,,,,,
,2576, 694 ," 169,802 ", 697 ," 167,486 ", 423 ," 120,262 ", 390 ," 114,256 ",,,,,,
,2256, 763 ," 172,395 ", 846 ," 202,054 ", 256 ," 90,535 ", 304 ," 112,039 ",,,,,,
,2044, 952 ," 274,506 ", 948 ," 287,715 ", 121 ," 42,763 ", 107 ," 38,614 ",,,,,,
,2315, 554 ," 125,780 ", 572 ," 136,948 ", 473 ," 135,687 ", 458 ," 140,071 ",,,,,,
,2008, 833 ," 210,297 "," 1,021 "," 265,250 ", 104 ," 39,566 ", 83 ," 41,985 ",,,,,,
,2050, 934 ," 242,187 ", 889 ," 248,043 ", 108 ," 39,806 ", 109 ," 44,218 ",,,,,,
,2640, 220 ," 50,834 ", 209 ," 47,261 ", 783 ," 207,574 ", 826 ," 221,090 ",,,,,,
,2064, 878 ," 224,838 ", 987 ," 287,574 ", 83 ," 27,228 ", 83 ," 31,166 ",,,,,,
,2092, 913 ," 202,394 ", 939 ," 228,587 ", 95 ," 31,232 ", 78 ," 29,657 ",,,,,,
,2539, 556 ," 121,218 ", 520 ," 130,635 ", 503 ," 132,020 ", 423 ," 125,751 ",,,,,,
,2191, 911 ," 252,556 ", 880 ," 246,340 ", 103 ," 34,872 ", 99 ," 36,220 ",,,,,,
,2072, 792 ," 189,958 ", 967 ," 271,054 ", 99 ," 32,610 ", 135 ," 46,901 ",,,,,,
,2167, 838 ," 236,635 ", 698 ," 194,112 ", 232 ," 75,107 ", 217 ," 83,904 ",,,,,,
,2318, 456 ," 99,265 ", 410 ," 92,536 ", 568 ," 164,130 ", 530 ," 158,641 ",,,,,,
,2007, 886 ," 221,471 ", 911 ," 253,510 ", 78 ," 27,304 ", 76 ," 24,691 ",,,,,,
,2299, 659 ," 168,854 ", 633 ," 158,137 ", 321 ," 99,650 ", 322 ," 103,688 ",,,,,,
,2045, 862 ," 234,150 ", 882 ," 241,523 ", 91 ," 29,137 ", 94 ," 34,457 ",,,,,,
,2102, 833 ," 223,621 ", 854 ," 218,446 ", 96 ," 29,337 ", 101 ," 33,697 ",,,,,,
,2043, 878 ," 218,559 ", 801 ," 210,107 ", 80 ," 28,081 ", 76 ," 31,725 ",,,,,,
,2305, 613 ," 138,686 ", 518 ," 125,517 ", 338 ," 100,474 ", 361 ," 114,357 ",,,,,,
,2508, 654 ," 160,293 ", 620 ," 160,774 ", 252 ," 81,352 ", 298 ," 90,916 ",,,,,,
,2062, 800 ," 185,050 ", 771 ," 189,115 ", 121 ," 36,530 ", 101 ," 32,595 ",,,,,,
,2116, 704 ," 193,609 ", 853 ," 256,469 ", 98 ," 29,979 ", 106 ," 37,145 ",,,,,,
,2536, 356 ," 81,962 ", 366 ," 87,534 ", 521 ," 161,176 ", 509 ," 155,364 ",,,,,,
,2557, 503 ," 138,801 ", 553 ," 158,010 ", 300 ," 107,156 ", 381 ," 157,337 ",,,,,,
,2048, 754 ," 191,359 ", 735 ," 190,081 ", 104 ," 33,956 ", 85 ," 31,365 ",,,,,,
,2486, 461 ," 96,930 ", 461 ," 94,939 ", 359 ," 119,261 ", 394 ," 128,148 ",,,,,,
,2061, 758 ," 201,112 ", 737 ," 209,701 ", 94 ," 29,736 ", 75 ," 24,295 ",,,,,,
,2303, 603 ," 153,804 ", 579 ," 157,008 ", 240 ," 73,610 ", 231 ," 72,498 ",,,,,,
,2284, 461 ," 112,211 ", 467 ," 108,964 ", 404 ," 114,652 ", 321 ," 97,094 ",,,,,,
,2452, 381 ," 71,100 ", 357 ," 69,387 ", 411 ," 125,584 ", 487 ," 140,410 ",,,,,,
,2130, 750 ," 206,503 ", 717 ," 197,740 ", 80 ," 25,420 ", 63 ," 26,396 ",,,,,,
,2506, 586 ," 143,744 ", 569 ," 144,632 ", 213 ," 66,423 ", 238 ," 82,839 ",,,,,,
,2705, 108 ," 27,561 ", 111 ," 32,295 ", 597 ," 151,977 ", 749 ," 198,627 ",,,,,,
,2870, 303 ," 65,918 ", 320 ," 67,668 ", 466 ," 129,568 ", 455 ," 130,811 ",,,,,,
,2063, 629 ," 143,506 ", 656 ," 160,206 ", 110 ," 32,854 ", 126 ," 38,160 ",,,,,,
,2094, 692 ," 151,595 ", 655 ," 154,838 ", 74 ," 23,009 ", 70 ," 21,995 ",,,,,,
,2159, 545 ," 137,239 ", 603 ," 146,013 ", 165 ," 47,084 ", 172 ," 59,155 ",,,,,,
,2380, 147 ," 33,092 ", 193 ," 46,457 ", 591 ," 154,903 ", 512 ," 140,176 ",,,,,,
,2446, 314 ," 72,707 ", 339 ," 72,447 ", 341 ," 104,488 ", 439 ," 129,186 ",,,,,,
,2794, 239 ," 55,602 ", 267 ," 57,796 ", 479 ," 125,557 ", 445 ," 125,600 ",,,,,,
,2079, 508 ," 115,452 ", 562 ," 143,747 ", 178 ," 54,928 ", 165 ," 58,821 ",,,,,,
,2337, 332 ," 75,488 ", 300 ," 70,451 ", 427 ," 126,577 ", 337 ," 106,268 ",,,,,,
,2298, 442 ," 103,166 ", 395 ," 99,523 ", 241 ," 74,338 ", 258 ," 79,737 ",,,,,,
,2754, 430 ," 122,644 ", 480 ," 153,096 ", 168 ," 52,151 ", 229 ," 79,231 ",,,,,,
,2594, 184 ," 46,196 ", 183 ," 49,700 ", 497 ," 152,734 ", 443 ," 131,773 ",,,,,,
,2782, 342 ," 73,457 ", 446 ," 95,280 ", 241 ," 84,339 ", 263 ," 107,729 ",,,,,,
,2483, 412 ," 85,084 ", 407 ," 79,109 ", 237 ," 69,469 ", 218 ," 67,949 ",,,,,,
,2335, 288 ," 62,421 ", 241 ," 56,411 ", 422 ," 122,342 ", 322 ," 96,078 ",,,,,,
,2327, 295 ," 74,224 ", 293 ," 70,319 ", 335 ," 104,771 ", 296 ," 97,731 ",,,,,,
,2516, 485 ," 107,048 ", 457 ," 104,068 ", 139 ," 43,635 ", 135 ," 48,977 ",,,,,,
,2752, 327 ," 79,741 ", 337 ," 90,244 ", 260 ," 85,510 ", 279 ," 97,674 ",,,,,,
,2871, 145 ," 32,924 ", 279 ," 54,812 ", 376 ," 100,621 ", 396 ," 116,948 ",,,,,,
,2326, 280 ," 60,813 ", 251 ," 57,886 ", 372 ," 108,247 ", 289 ," 97,643 ",,,,,,
,2225, 469 ," 116,058 ", 451 ," 112,120 ", 128 ," 40,408 ", 139 ," 44,124 ",,,,,,
,2505, 464 ," 123,874 ", 425 ," 114,510 ", 126 ," 42,232 ", 159 ," 53,999 ",,,,,,
,2484, 345 ," 71,673 ", 339 ," 73,201 ", 276 ," 77,658 ", 206 ," 66,299 ",,,,,,
,2454, 247 ," 50,548 ", 234 ," 48,173 ", 321 ," 89,823 ", 354 ," 96,941 ",,,,,,
,2574, 302 ," 82,671 ", 300 ," 90,202 ", 261 ," 76,140 ", 282 ," 80,423 ",,,,,,
,2265, 273 ," 65,303 ", 359 ," 89,773 ", 240 ," 65,279 ", 272 ," 79,178 ",,,,,,
,2400, 217 ," 46,806 ", 138 ," 34,340 ", 398 ," 116,336 ", 386 ," 104,855 ",,,,,,
,2537, 232 ," 50,604 ", 247 ," 56,268 ", 313 ," 99,017 ", 341 ," 106,022 ",,,,,,
,2535, 358 ," 73,286 ", 328 ," 73,499 ", 221 ," 62,974 ", 223 ," 70,309 ",,,,,,
,2550, 213 ," 50,302 ", 174 ," 42,789 ", 411 ," 115,998 ", 326 ," 98,471 ",,,,,,
,2470, 252 ," 45,824 ", 262 ," 56,070 ", 353 ," 107,579 ", 255 ," 74,014 ",,,,,,
,2390, 141 ," 29,712 ", 128 ," 26,528 ", 402 ," 109,615 ", 437 ," 116,324 ",,,,,,
,2258, 399 ," 90,502 ", 393 ," 86,726 ", 152 ," 48,309 ", 145 ," 54,541 ",,,,,,
,2773, 380 ," 89,138 ", 448 ," 104,512 ", 138 ," 48,192 ", 116 ," 39,625 ",,,,,,
,2477, 296 ," 60,218 ", 299 ," 56,851 ", 248 ," 80,779 ", 239 ," 77,322 ",,,,,,
,2128, 445 ," 172,928 ", 523 ," 233,554 ", 50 ," 16,356 ", 61 ," 20,122 ",,,,,,
,2448, 268 ," 56,285 ", 303 ," 68,373 ", 224 ," 65,208 ", 280 ," 84,451 ",,,,,,
,2178, 348 ," 105,299 ", 408 ," 126,433 ", 146 ," 51,737 ", 163 ," 67,874 ",,,,,,
,2214, 415 ," 108,477 ", 458 ," 124,014 ", 90 ," 30,960 ", 97 ," 32,719 ",,,,,,
,2157, 373 ," 96,917 ", 413 ," 108,914 ", 123 ," 37,980 ", 141 ," 46,951 ",,,,,,
,2360, 130 ," 32,108 ", 162 ," 32,605 ", 386 ," 106,477 ", 370 ," 110,539 ",,,,,,
,2082, 375 ," 90,382 ", 410 ," 98,864 ", 143 ," 41,150 ", 87 ," 28,567 ",,,,,,
,2534, 297 ," 66,103 ", 321 ," 72,929 ", 179 ," 51,366 ", 202 ," 69,013 ",,,,,,
,2081, 336 ," 76,409 ", 438 ," 101,980 ", 130 ," 43,909 ", 92 ," 31,653 ",,,,,,
,2779, 295 ," 66,999 ", 290 ," 64,927 ", 218 ," 76,526 ", 191 ," 70,355 ",,,,,,
,2573, 229 ," 65,424 ", 234 ," 64,491 ", 245 ," 75,733 ", 247 ," 75,503 ",,,,,,
,2582, 117 ," 31,736 ", 137 ," 36,680 ", 334 ," 90,839 ", 367 ," 102,260 ",,,,,,
,2104, 399 ," 89,464 ", 394 ," 99,425 ", 91 ," 29,728 ", 66 ," 22,621 ",,,,,,
,2447, 193 ," 42,989 ", 237 ," 46,320 ", 255 ," 64,798 ", 258 ," 70,018 ",,,,,,
,2443, 238 ," 47,412 ", 204 ," 51,001 ", 212 ," 56,310 ", 287 ," 83,934 ",,,,,,
,2316, 231 ," 47,798 ", 270 ," 62,593 ", 219 ," 63,415 ", 218 ," 64,014 ",,,,,,
,2084, 385 ," 99,611 ", 371 ," 99,275 ", 79 ," 25,273 ", 101 ," 34,820 ",,,,,,
,2482, 290 ," 56,802 ", 320 ," 67,925 ", 174 ," 56,091 ", 150 ," 53,174 ",,,,,,
,2429, 241 ," 51,252 ", 218 ," 46,008 ", 250 ," 72,665 ", 224 ," 66,248 ",,,,,,
,2319, 237 ," 55,646 ", 197 ," 48,200 ", 247 ," 76,586 ", 230 ," 68,238 ",,,,,,
,2820, 149 ," 36,228 ", 155 ," 36,096 ", 309 ," 92,957 ", 295 ," 101,641 ",,,,,,
,2641, 113 ," 25,318 ", 86 ," 20,634 ", 342 ," 93,037 ", 362 ," 91,241 ",,,,,,
,2317, 254 ," 56,889 ", 234 ," 53,340 ", 190 ," 53,338 ", 203 ," 59,664 ",,,,,,
,2785, 223 ," 49,055 ", 315 ," 68,216 ", 166 ," 55,593 ", 175 ," 55,976 ",,,,,,
,2295, 241 ," 58,467 ", 240 ," 55,943 ", 197 ," 56,721 ", 186 ," 60,667 ",,,,,,
,2556, 261 ," 78,263 ", 244 ," 70,018 ", 183 ," 65,329 ", 173 ," 63,615 ",,,,,,
,2776, 278 ," 61,498 ", 254 ," 57,811 ", 142 ," 45,105 ", 177 ," 63,531 ",,,,,,
,2572, 201 ," 54,944 ", 221 ," 58,020 ", 226 ," 69,028 ", 203 ," 58,530 ",,,,,,
,2479, 287 ," 53,807 ", 302 ," 64,457 ", 132 ," 46,068 ", 127 ," 41,989 ",,,,,,
,2880, 43 ," 9,519 ", 44 ," 10,583 ", 388 ," 123,994 ", 343 ," 106,930 ",,,,,,
,2762, 257 ," 70,756 ", 322 ," 89,800 ", 122 ," 42,965 ", 113 ," 40,129 ",,,,,,
,2441, 156 ," 31,758 ", 181 ," 38,954 ", 205 ," 59,023 ", 224 ," 55,125 ",,,,,,
,2546, 182 ," 43,181 ", 173 ," 40,225 ", 197 ," 58,944 ", 209 ," 63,569 ",,,,,,
,2445, 180 ," 37,126 ", 189 ," 36,975 ", 164 ," 46,482 ", 219 ," 62,735 ",,,,,,
,2787, 129 ," 30,562 ", 239 ," 52,875 ", 187 ," 52,369 ", 182 ," 61,478 ",,,,,,
,2799, 107 ," 22,465 ", 182 ," 43,727 ", 263 ," 66,650 ", 183 ," 52,470 ",,,,,,
,2487, 222 ," 47,266 ", 185 ," 42,310 ", 149 ," 46,247 ", 168 ," 51,321 ",,,,,,
,2559, 256 ," 71,490 ", 256 ," 70,418 ", 109 ," 44,795 ", 101 ," 38,840 ",,,,,,
,2431, 141 ," 30,014 ", 149 ," 30,352 ", 229 ," 60,598 ", 200 ," 53,536 ",,,,,,
,2286, 182 ," 42,999 ", 192 ," 49,310 ", 151 ," 46,832 ", 181 ," 51,160 ",,,,,,
,2485, 245 ," 49,523 ", 208 ," 45,604 ", 118 ," 37,182 ", 124 ," 41,498 ",,,,,,
,2590, 97 ," 25,331 ", 79 ," 18,305 ", 262 ," 77,468 ", 244 ," 65,926 ",,,,,,
,2343, 88 ," 21,653 ", 91 ," 23,837 ", 269 ," 74,735 ", 229 ," 62,183 ",,,,,,
,2422, 159 ," 38,354 ", 168 ," 41,873 ", 186 ," 54,579 ", 155 ," 51,500 ",,,,,,
,2710, 33 ," 7,221 ", 26 ," 8,562 ", 313 ," 75,120 ", 293 ," 76,297 ",,,,,,
,2464, 211 ," 43,317 ", 183 ," 40,204 ", 159 ," 47,592 ", 111 ," 38,326 ",,,,,,
,2108, 290 ," 60,925 ", 289 ," 65,523 ", 36 ," 12,546 ", 42 ," 13,494 ",,,,,,
,2231, 195 ," 55,627 ", 262 ," 113,763 ", 92 ," 23,927 ", 105 ," 34,808 ",,,,,,
,2821, 90 ," 21,168 ", 86 ," 17,924 ", 230 ," 70,350 ", 248 ," 84,851 ",,,,,,
,2720, 77 ," 20,866 ", 89 ," 22,114 ", 246 ," 75,448 ", 239 ," 74,237 ",,,,,,
,2852, 76 ," 15,327 ", 89 ," 17,593 ", 245 ," 70,175 ", 213 ," 64,781 ",,,,,,
,2105, 248 ," 54,998 ", 259 ," 60,510 ", 56 ," 20,627 ", 57 ," 19,607 ",,,,,,
,2307, 201 ," 47,641 ", 200 ," 47,107 ", 107 ," 34,074 ", 111 ," 36,407 ",,,,,,
,2463, 185 ," 36,724 ", 140 ," 29,013 ", 157 ," 47,773 ", 133 ," 40,024 ",,,,,,
,2579, 141 ," 33,020 ", 134 ," 32,913 ", 166 ," 45,446 ", 160 ," 48,275 ",,,,,,
,2175, 217 ," 59,950 ", 221 ," 79,718 ", 73 ," 30,803 ", 88 ," 34,994 ",,,,,,
,2748, 205 ," 49,234 ", 206 ," 57,285 ", 85 ," 26,946 ", 99 ," 41,319 ",,,,,,
,2700, 49 ," 10,137 ", 64 ," 13,722 ", 223 ," 56,235 ", 255 ," 64,456 ",,,,,,
,2630, 87 ," 25,454 ", 111 ," 26,429 ", 199 ," 57,662 ", 192 ," 61,243 ",,,,,,
,2370, 88 ," 18,056 ", 98 ," 24,575 ", 209 ," 65,744 ", 177 ," 52,399 ",,,,,,
,2663, 57 ," 11,631 ", 68 ," 13,890 ", 233 ," 71,891 ", 210 ," 72,111 ",,,,,,
,2621, 72 ," 20,092 ", 66 ," 15,877 ", 230 ," 59,776 ", 196 ," 55,259 ",,,,,,
,2334, 129 ," 28,238 ", 110 ," 25,476 ", 175 ," 48,380 ", 145 ," 43,057 ",,,,,,
,2420, 122 ," 27,536 ", 113 ," 27,173 ", 156 ," 46,143 ", 165 ," 57,466 ",,,,,,
,2835, 37 ," 10,582 ", 64 ," 15,919 ", 230 ," 64,933 ", 209 ," 60,603 ",,,,,,
,2783, 161 ," 33,841 ", 161 ," 38,409 ", 106 ," 33,982 ", 110 ," 42,765 ",,,,,,
,2293, 194 ," 49,163 ", 158 ," 40,997 ", 87 ," 27,438 ", 82 ," 23,987 ",,,,,,
,2778, 140 ," 34,727 ", 156 ," 35,333 ", 111 ," 35,519 ", 98 ," 34,873 ",,,,,,
,2548, 74 ," 18,121 ", 79 ," 18,760 ", 177 ," 45,947 ", 173 ," 48,462 ",,,,,,
,2306, 167 ," 44,033 ", 131 ," 30,274 ", 112 ," 32,475 ", 90 ," 30,768 ",,,,,,
,2278, 133 ," 30,795 ", 117 ," 28,291 ", 105 ," 28,602 ", 137 ," 37,833 ",,,,,,
,2292, 161 ," 39,330 ", 160 ," 40,991 ", 84 ," 23,334 ", 86 ," 26,048 ",,,,,,
,2866, 80 ," 16,484 ", 111 ," 21,532 ", 145 ," 39,121 ", 154 ," 42,424 ",,,,,,
,2666, 52 ," 14,041 ", 49 ," 11,838 ", 199 ," 58,348 ", 188 ," 53,516 ",,,,,,
,2267, 151 ," 35,010 ", 139 ," 31,831 ", 101 ," 26,293 ", 93 ," 29,096 ",,,,,,
,2829, 64 ," 13,303 ", 80 ," 18,096 ", 193 ," 55,811 ", 144 ," 42,665 ",,,,,,
,2489, 150 ," 31,413 ", 108 ," 23,469 ", 111 ," 34,037 ", 109 ," 34,841 ",,,,,,
,2877, 69 ," 15,157 ", 98 ," 20,407 ", 158 ," 41,034 ", 150 ," 43,406 ",,,,,,
,2357, 60 ," 13,452 ", 70 ," 14,669 ", 176 ," 47,155 ", 157 ," 44,230 ",,,,,,
,2083, 177 ," 38,492 ", 180 ," 40,671 ", 45 ," 12,910 ", 49 ," 15,496 ",,,,,,
,2474, 83 ," 16,328 ", 92 ," 22,628 ", 165 ," 49,231 ", 107 ," 30,527 ",,,,,,
,2622, 92 ," 20,398 ", 91 ," 22,170 ", 134 ," 33,827 ", 114 ," 30,711 ",,,,,,
,2578, 116 ," 26,093 ", 99 ," 22,013 ", 106 ," 32,106 ", 109 ," 27,421 ",,,,,,
,2423, 125 ," 29,616 ", 116 ," 24,874 ", 102 ," 31,943 ", 85 ," 26,769 ",,,,,,
,2328, 90 ," 19,951 ", 64 ," 15,343 ", 139 ," 37,265 ", 135 ," 39,742 ",,,,,,
,2388, 53 ," 14,837 ", 51 ," 12,675 ", 176 ," 49,159 ", 146 ," 37,592 ",,,,,,
,2336, 92 ," 17,725 ", 86 ," 18,760 ", 136 ," 39,112 ", 111 ," 32,521 ",,,,,,
,2627, 81 ," 19,983 ", 106 ," 25,422 ", 114 ," 33,191 ", 123 ," 35,621 ",,,,,,
,2642, 25 ," 4,679 ", 27 ," 5,584 ", 177 ," 49,891 ", 184 ," 48,328 ",,,,,,
,2832, 44 ," 10,201 ", 57 ," 12,135 ", 170 ," 46,545 ", 140 ," 36,497 ",,,,,,
,2671, 55 ," 14,411 ", 47 ," 10,904 ", 144 ," 40,650 ", 160 ," 45,466 ",,,,,,
,2810, 51 ," 10,378 ", 59 ," 13,152 ", 148 ," 37,599 ", 136 ," 43,044 ",,,,,,
,2354, 67 ," 12,676 ", 50 ," 11,909 ", 135 ," 36,150 ", 135 ," 43,914 ",,,,,,
,2804, 61 ," 15,347 ", 65 ," 13,978 ", 135 ," 37,940 ", 125 ," 32,714 ",,,,,,
,2583, 73 ," 23,835 ", 69 ," 17,868 ", 139 ," 35,941 ", 101 ," 30,488 ",,,,,,
,2294, 138 ," 39,020 ", 137 ," 33,691 ", 54 ," 15,527 ", 50 ," 15,753 ",,,,,,
,2847, 72 ," 15,581 ", 110 ," 22,172 ", 100 ," 31,390 ", 95 ," 29,305 ",,,,,,
,2338, 81 ," 18,254 ", 69 ," 14,290 ", 120 ," 33,323 ", 106 ," 30,508 ",,,,,,
,2831, 52 ," 11,332 ", 52 ," 11,001 ", 138 ," 37,836 ", 134 ," 39,492 ",,,,,,
,2827, 50 ," 10,295 ", 55 ," 10,580 ", 146 ," 40,078 ", 122 ," 34,783 ",,,,,,
,2296, 130 ," 33,435 ", 112 ," 29,035 ", 62 ," 18,210 ", 68 ," 21,473 ",,,,,,
,2455, 93 ," 17,893 ", 87 ," 17,905 ", 87 ," 21,668 ", 99 ," 25,661 ",,,,,,
,2834, 40 ," 9,033 ", 51 ," 21,567 ", 142 ," 38,518 ", 133 ," 36,376 ",,,,,,
,2646, 21 ," 4,496 ", 21 ," 6,314 ", 145 ," 37,325 ", 171 ," 45,849 ",,,,,,
,2569, 101 ," 25,566 ", 93 ," 26,082 ", 81 ," 24,814 ", 76 ," 20,841 ",,,,,,
,2775, 121 ," 26,353 ", 137 ," 33,411 ", 45 ," 15,344 ", 47 ," 17,283 ",,,,,,
,2845, 71 ," 17,876 ", 83 ," 17,004 ", 105 ," 33,752 ", 90 ," 28,263 ",,,,,,
,2358, 45 ," 10,029 ", 63 ," 13,073 ", 110 ," 29,631 ", 127 ," 38,098 ",,,,,,
,2174, 94 ," 29,523 ", 144 ," 39,924 ", 46 ," 19,930 ", 48 ," 19,817 ",,,,,,
,2453, 63 ," 14,698 ", 55 ," 11,938 ", 116 ," 31,625 ", 98 ," 27,202 ",,,,,,
,2329, 51 ," 12,907 ", 54 ," 13,511 ", 110 ," 33,855 ", 112 ," 32,272 ",,,,,,
,2469, 78 ," 14,701 ", 88 ," 16,942 ", 93 ," 27,300 ", 67 ," 20,520 ",,,,,,
,2365, 47 ," 9,262 ", 44 ," 9,697 ", 106 ," 31,088 ", 128 ," 38,251 ",,,,,,
,2681, 12 ," 2,534 ", 10 ," 2,393 ", 152 ," 35,748 ", 151 ," 36,151 ",,,,,,
,2425, 68 ," 15,122 ", 64 ," 14,642 ", 102 ," 23,402 ", 89 ," 27,596 ",,,,,,
,2757, 115 ," 34,646 ", 113 ," 34,534 ", 44 ," 13,425 ", 48 ," 15,243 ",,,,,,
,2080, 106 ," 25,358 ", 123 ," 36,747 ", 42 ," 12,227 ", 47 ," 14,391 ",,,,,,
,2840, 33 ," 7,361 ", 38 ," 10,065 ", 128 ," 43,670 ", 116 ," 37,768 ",,,,,,
,2421, 59 ," 14,100 ", 79 ," 18,539 ", 93 ," 28,235 ", 83 ," 24,899 ",,,,,,
,2538, 83 ," 17,216 ", 67 ," 16,542 ", 91 ," 26,521 ", 72 ," 20,415 ",,,,,,
,2798, 54 ," 13,326 ", 83 ," 16,863 ", 92 ," 23,674 ", 83 ," 20,162 ",,,,,,
,2786, 78 ," 17,115 ", 104 ," 20,930 ", 63 ," 20,022 ", 65 ," 21,843 ",,,,,,
,2711, 15 ," 3,902 ", 21 ," 6,548 ", 112 ," 26,840 ", 161 ," 43,844 ",,,,,,
,2824, 47 ," 10,341 ", 71 ," 16,014 ", 108 ," 29,980 ", 82 ," 23,172 ",,,,,,
,2722, 33 ," 8,330 ", 30 ," 6,153 ", 122 ," 37,246 ", 122 ," 39,452 ",,,,,,
,2352, 55 ," 12,441 ", 45 ," 9,778 ", 96 ," 28,772 ", 109 ," 33,132 ",,,,,,
,2346, 45 ," 10,869 ", 46 ," 9,622 ", 110 ," 30,211 ", 99 ," 29,017 ",,,,,,
,2825, 34 ," 7,612 ", 42 ," 9,822 ", 126 ," 37,149 ", 97 ," 32,386 ",,,,,,
,2701, 39 ," 8,250 ", 36 ," 7,120 ", 123 ," 32,354 ", 98 ," 29,942 ",,,,,,
,2665, 22 ," 4,348 ", 13 ," 2,589 ", 113 ," 28,998 ", 144 ," 36,642 ",,,,,,
,2471, 63 ," 12,827 ", 58 ," 11,001 ", 94 ," 26,114 ", 63 ," 21,618 ",,,,,,
,2549, 45 ," 9,979 ", 39 ," 10,924 ", 97 ," 24,950 ", 97 ," 28,529 ",,,,,,
,2449, 61 ," 11,253 ", 58 ," 15,034 ", 69 ," 20,958 ", 85 ," 27,097 ",,,,,,
,2713, 22 ," 4,087 ", 18 ," 3,885 ", 108 ," 27,736 ", 125 ," 34,226 ",,,,,,
,2587, 35 ," 8,450 ", 31 ," 8,244 ", 105 ," 30,439 ", 100 ," 31,604 ",,,,,,
,2473, 78 ," 16,549 ", 72 ," 14,232 ", 57 ," 18,858 ", 59 ," 17,843 ",,,,,,
,2372, 59 ," 13,101 ", 69 ," 23,232 ", 73 ," 23,590 ", 65 ," 19,971 ",,,,,,
,2472, 55 ," 10,135 ", 80 ," 16,897 ", 81 ," 21,643 ", 49 ," 14,857 ",,,,,,
,2586, 29 ," 7,125 ", 41 ," 10,647 ", 106 ," 25,957 ", 87 ," 22,718 ",,,,,,
,2439, 45 ," 9,226 ", 58 ," 12,649 ", 70 ," 18,349 ", 85 ," 24,353 ",,,,,,
,2848, 54 ," 13,160 ", 68 ," 15,650 ", 69 ," 21,931 ", 64 ," 19,868 ",,,,,,
,2297, 86 ," 20,724 ", 90 ," 22,714 ", 32 ," 12,132 ", 44 ," 11,901 ",,,,,,
,2427, 78 ," 16,005 ", 55 ," 11,668 ", 47 ," 12,259 ", 67 ," 19,278 ",,,,,,
,2849, 49 ," 9,334 ", 71 ," 14,081 ", 67 ," 19,245 ", 58 ," 16,846 ",,,,,,
,2653, 24 ," 4,878 ", 34 ," 8,355 ", 104 ," 29,548 ", 82 ," 24,219 ",,,,,,
,2675, 13 ," 3,247 ", 27 ," 6,011 ", 89 ," 26,854 ", 115 ," 28,398 ",,,,,,
,2551, 49 ," 11,228 ", 42 ," 12,071 ", 82 ," 23,643 ", 65 ," 17,930 ",,,,,,
,2488, 70 ," 13,414 ", 62 ," 14,559 ", 50 ," 16,336 ", 54 ," 15,224 ",,,,,,
,2784, 62 ," 14,647 ", 76 ," 15,467 ", 43 ," 15,522 ", 47 ," 18,053 ",,,,,,
,2844, 30 ," 5,603 ", 33 ," 7,057 ", 91 ," 23,883 ", 73 ," 20,358 ",,,,,,
,2568, 73 ," 20,155 ", 62 ," 15,947 ", 35 ," 8,840 ", 45 ," 15,539 ",,,,,,
,2669, 13 ," 2,598 ", 19 ," 4,946 ", 71 ," 18,033 ", 111 ," 28,402 ",,,,,,
,2707, 13 ," 2,429 ", 8 ," 1,715 ", 99 ," 28,365 ", 93 ," 21,516 ",,,,,,
,2823, 30 ," 5,415 ", 31 ," 7,738 ", 64 ," 18,737 ", 83 ," 21,920 ",,,,,,
,2312, 78 ," 14,587 ", 51 ," 9,443 ", 39 ," 11,465 ", 39 ," 13,437 ",,,,,,
,2706, 17 ," 4,087 ", 3 ," 1,010 ", 90 ," 21,272 ", 97 ," 22,962 ",,,,,,
,2462, 43 ," 7,884 ", 49 ," 8,746 ", 55 ," 15,120 ", 58 ," 19,118 ",,,,,,
,2869, 35 ," 8,923 ", 32 ," 7,591 ", 73 ," 20,009 ", 59 ," 16,548 ",,,,,,
,2843, 31 ," 6,383 ", 35 ," 7,980 ", 67 ," 22,520 ", 66 ," 17,614 ",,,,,,
,2714, 12 ," 2,025 ", 8 ," 1,100 ", 83 ," 19,518 ", 92 ," 22,308 ",,,,,,
,2381, 26 ," 6,581 ", 26 ," 5,237 ", 70 ," 18,971 ", 68 ," 18,887 ",,,,,,
,2644, 27 ," 7,064 ", 27 ," 6,503 ", 65 ," 18,503 ", 64 ," 17,044 ",,,,,,
,2308, 65 ," 26,301 ", 66 ," 21,396 ", 20 ," 5,481 ", 30 ," 8,592 ",,,,,,
,2655, 15 ," 2,824 ", 26 ," 4,798 ", 80 ," 23,504 ", 60 ," 17,939 ",,,,,,
,2672, 20 ," 4,902 ", 17 ," 3,885 ", 73 ," 21,213 ", 71 ," 17,903 ",,,,,,
,2382, 9 ," 2,315 ", 18 ," 3,226 ", 68 ," 20,796 ", 85 ," 22,860 ",,,,,,
,2581, 31 ," 9,322 ", 30 ," 7,546 ", 55 ," 15,008 ", 57 ," 15,272 ",,,,,,
,2347, 22 ," 5,233 ", 14 ," 2,880 ", 69 ," 18,533 ", 68 ," 15,849 ",,,,,,
,2402, 18 ," 4,223 ", 31 ," 6,688 ", 74 ," 21,985 ", 49 ," 12,665 ",,,,,,
,2628, 33 ," 7,700 ", 39 ," 7,513 ", 52 ," 15,594 ", 47 ," 14,911 ",,,,,,
,2311, 43 ," 7,281 ", 27 ," 6,647 ", 57 ," 17,006 ", 43 ," 13,066 ",,,,,,
,2643, 6 ," 1,777 ", 11 ," 2,348 ", 84 ," 21,681 ", 69 ," 15,708 ",,,,,,
,2466, 52 ," 8,971 ", 52 ," 8,807 ", 36 ," 10,701 ", 28 ," 8,142 ",,,,,,
,2793, 28 ," 6,188 ", 51 ," 10,624 ", 36 ," 8,166 ", 52 ," 15,078 ",,,,,,
,2341, 16 ," 3,139 ", 28 ," 5,859 ", 53 ," 15,780 ", 63 ," 17,491 ",,,,,,
,2731, 14 ," 2,876 ", 19 ," 5,539 ", 58 ," 12,898 ", 63 ," 15,844 ",,,,,,
,2656, 23 ," 5,557 ", 20 ," 4,391 ", 55 ," 13,453 ", 53 ," 14,296 ",,,,,,
,2839, 13 ," 3,031 ", 15 ," 5,101 ", 62 ," 20,676 ", 60 ," 17,596 ",,,,,,
,2729, 24 ," 6,759 ", 20 ," 5,084 ", 56 ," 15,948 ", 44 ," 14,657 ",,,,,,
,2660, 11 ," 2,226 ", 10 ," 2,619 ", 64 ," 13,662 ", 58 ," 18,386 ",,,,,,
,2658, 12 ," 2,495 ", 8 ," 1,752 ", 66 ," 19,869 ", 57 ," 17,237 ",,,,,,
,2865, 19 ," 3,566 ", 38 ," 6,601 ", 38 ," 9,603 ", 45 ," 13,132 ",,,,,,
,2864, 15 ," 2,867 ", 38 ," 8,472 ", 47 ," 10,952 ", 37 ," 10,700 ",,,,,,
,2632, 19 ," 6,148 ", 30 ," 8,923 ", 46 ," 14,348 ", 40 ," 11,172 ",,,,,,
,2404, 22 ," 5,236 ", 18 ," 4,287 ", 47 ," 12,290 ", 48 ," 12,285 ",,,,,,
,2730, 25 ," 5,822 ", 20 ," 5,021 ", 49 ," 15,169 ", 37 ," 11,436 ",,,,,,
,2648, 3 , 917 , 2 , 508 , 76 ," 24,174 ", 44 ," 14,619 ",,,,,,
,2555, 43 ," 11,491 ", 33 ," 8,341 ", 30 ," 11,903 ", 15 ," 5,388 ",,,,,,
,2703, 9 ," 1,807 ", 12 ," 2,395 ", 45 ," 10,614 ", 55 ," 12,689 ",,,,,,
,2545, 29 ," 5,934 ", 27 ," 8,407 ", 27 ," 7,144 ", 35 ," 10,815 ",,,,,,
,2806, 13 ," 2,260 ", 23 ," 5,133 ", 30 ," 8,210 ", 42 ," 11,022 ",,,,,,
,2828, 18 ," 3,659 ", 18 ," 6,087 ", 41 ," 10,108 ", 31 ," 8,660 ",,,,,,
,2395, 9 ," 2,315 ", 17 ," 3,771 ", 45 ," 12,144 ", 37 ," 9,483 ",,,,,,
,2712, 7 , 969 , 3 , 478 , 47 ," 12,221 ", 49 ," 11,921 ",,,,,,
,2702, 8 ," 1,147 ", 6 ," 1,114 ", 37 ," 9,855 ", 54 ," 14,160 ",,,,,,
,2716, 6 ," 1,868 ", 7 ," 1,084 ", 51 ," 11,293 ", 39 ," 8,732 ",,,,,,
,2867, 19 ," 5,274 ", 26 ," 5,536 ", 31 ," 7,676 ", 24 ," 6,922 ",,,,,,
,2875, 11 ," 1,761 ", 24 ," 4,955 ", 24 ," 6,419 ", 41 ," 10,904 ",,,,,,
,2396, 14 ," 3,214 ", 9 ," 2,027 ", 33 ," 8,279 ", 44 ," 15,807 ",,,,,,
,2868, 16 ," 5,699 ", 14 ," 4,861 ", 29 ," 7,712 ", 37 ," 9,872 ",,,,,,
,2842, 12 ," 3,285 ", 19 ," 4,136 ", 33 ," 9,176 ", 31 ," 8,970 ",,,,,,
,2717, -   , -   , 1 , 112 , 55 ," 17,631 ", 39 ," 12,021 ",,,,,,
,2353, 19 ," 4,873 ", 12 ," 2,696 ", 37 ," 9,305 ", 26 ," 9,444 ",,,,,,
,2345, 13 ," 3,016 ", 13 ," 2,948 ", 29 ," 9,169 ", 38 ," 10,068 ",,,,,,
,2715, 7 ," 1,146 ", 5 ," 1,078 ", 47 ," 13,616 ", 33 ," 8,337 ",,,,,,
,2563, 25 ," 7,791 ", 22 ," 6,634 ", 19 ," 5,306 ", 19 ," 6,796 ",,,,,,
,2369, 7 ," 1,103 ", 15 ," 3,594 ", 31 ," 7,732 ", 32 ," 10,810 ",,,,,,
,2738, 7 ," 2,849 ", 6 , 951 , 42 ," 11,102 ", 29 ," 8,052 ",,,,,,
,2371, 18 ," 4,131 ", 23 ," 4,683 ", 20 ," 4,774 ", 21 ," 5,935 ",,,,,,
,2647, 2 , 215 , 10 ," 1,937 ", 37 ," 9,521 ", 32 ," 7,296 ",,,,,,
,2359, 10 ," 2,112 ", 10 ," 1,716 ", 40 ," 9,653 ", 17 ," 4,954 ",,,,,,
,2344, 18 ," 3,561 ", 7 ," 2,044 ", 25 ," 5,960 ", 25 ," 7,019 ",,,,,,
,2833, 9 ," 2,460 ", 10 ," 2,375 ", 34 ," 10,108 ", 22 ," 5,636 ",,,,,,
,2403, 12 ," 2,027 ", 6 ," 1,194 ", 26 ," 6,485 ", 23 ," 8,178 ",,,,,,
,2807, 5 ," 1,210 ", 8 ," 1,963 ", 27 ," 6,867 ", 27 ," 12,240 ",,,,,,
,2805, 8 ," 1,462 ", 12 ," 2,322 ", 21 ," 4,639 ", 25 ," 6,283 ",,,,,,
,2668, 10 ," 2,215 ", 7 ," 1,459 ", 23 ," 6,091 ", 26 ," 5,635 ",,,,,,
,2397, 10 ," 2,741 ", 8 ," 1,770 ", 22 ," 5,712 ", 24 ," 6,792 ",,,,,,
,2659, 5 , 684 , 2 , 696 , 30 ," 7,724 ", 27 ," 9,208 ",,,,,,
,2792, 10 ," 3,308 ", 19 ," 3,744 ", 20 ," 4,884 ", 14 ," 2,850 ",,,,,,
,2846, 16 ," 4,442 ", 16 ," 2,999 ", 15 ," 4,637 ", 15 ," 4,863 ",,,,,,
,2623, 6 ," 2,898 ", 10 ," 2,504 ", 22 ," 4,701 ", 24 ," 5,400 ",,,,,,
,2409, 6 , 654 , 6 ," 1,332 ", 27 ," 7,113 ", 23 ," 6,785 ",,,,,,
,2739, 6 ," 1,237 ", 3 , 643 , 30 ," 9,298 ", 23 ," 6,779 ",,,,,,
,2426, 14 ," 2,300 ", 13 ," 3,195 ", 19 ," 5,951 ", 15 ," 5,299 ",,,,,,
,2791, 9 ," 1,990 ", 16 ," 3,107 ", 17 ," 3,813 ", 19 ," 4,568 ",,,,,,
,2406, 10 ," 1,510 ", 5 , 690 , 26 ," 7,991 ", 20 ," 5,238 ",,,,,,
,2631, 12 ," 2,702 ", 10 ," 2,866 ", 20 ," 4,721 ", 17 ," 5,160 ",,,,,,
,2797, 9 ," 1,747 ", 9 ," 1,965 ", 17 ," 3,846 ", 24 ," 6,735 ",,,,,,
,2386, 4 ," 1,332 ", 6 ," 1,596 ", 26 ," 7,087 ", 23 ," 5,731 ",,,,,,
,2818, 7 ," 1,344 ", 11 ," 2,286 ", 15 ," 4,121 ", 24 ," 6,725 ",,,,,,
,2876, 5 , 757 , 8 ," 2,061 ", 17 ," 4,977 ", 27 ," 5,811 ",,,,,,
,2584, 5 ," 1,286 ", 5 ," 1,056 ", 22 ," 5,738 ", 25 ," 5,669 ",,,,,,
,2342, 5 , 986 , 8 ," 1,483 ", 24 ," 8,243 ", 19 ," 4,968 ",,,,,,
,2379, 1 , 319 , 11 ," 2,441 ", 25 ," 5,931 ", 18 ," 6,630 ",,,,,,
,2490, 24 ," 5,260 ", 13 ," 2,096 ", 10 ," 3,366 ", 7 ," 1,883 ",,,,,,
,2399, 5 ," 1,135 ", 10 ," 1,792 ", 11 ," 2,798 ", 28 ," 8,692 ",,,,,,
,2355, 10 ," 3,405 ", 5 ," 1,188 ", 15 ," 3,982 ", 23 ," 6,245 ",,,,,,
,2737, 5 ," 1,739 ", 2 , 534 , 20 ," 4,558 ", 26 ," 6,311 ",,,,,,
,2415, 9 ," 1,785 ", 12 ," 3,345 ", 14 ," 3,950 ", 16 ," 4,604 ",,,,,,
,2588, 10 ," 2,498 ", 3 , 867 , 18 ," 5,354 ", 19 ," 3,730 ",,,,,,
,2874, 5 ," 1,595 ", 5 ," 1,004 ", 29 ," 8,150 ", 11 ," 3,129 ",,,,,,
,2405, -   , -   , 8 ," 2,108 ", 19 ," 4,220 ", 21 ," 6,419 ",,,,,,
,2361, 8 ," 2,399 ", 10 ," 1,540 ", 18 ," 4,813 ", 11 ," 3,198 ",,,,,,
,2625, 13 ," 4,943 ", 11 ," 2,765 ", 11 ," 3,422 ", 11 ," 2,969 ",,,,,,
,2873, 4 , 799 , 6 ," 1,903 ", 19 ," 7,264 ", 17 ," 6,157 ",,,,,,
,2836, 8 ," 1,449 ", 1 , 112 , 26 ," 6,518 ", 11 ," 2,723 ",,,,,,
,2645, 4 , 578 , 1 , 425 , 23 ," 6,054 ", 15 ," 4,178 ",,,,,,
,2803, 8 ," 1,742 ", 11 ," 2,590 ", 12 ," 2,790 ", 11 ," 3,297 ",,,,,,
,2727, 8 ," 1,746 ", 9 ," 2,504 ", 9 ," 2,666 ", 15 ," 3,803 ",,,,,,
,2809, 7 ," 2,133 ", 7 ," 2,094 ", 17 ," 5,168 ", 10 ," 3,307 ",,,,,,
,2732, 1 , 177 , 3 , 478 , 25 ," 5,645 ", 12 ," 2,829 ",,,,,,
,2465, 8 ," 1,963 ", 13 ," 3,154 ", 6 ," 1,677 ", 12 ," 2,979 ",,,,,,
,2585, 6 ," 1,379 ", 9 ," 2,131 ", 13 ," 3,876 ", 10 ," 2,802 ",,,,,,
,2424, 10 ," 1,424 ", 13 ," 2,124 ", 7 ," 1,826 ", 7 ," 2,309 ",,,,,,
,2401, 4 ," 3,333 ", 2 , 366 , 10 ," 3,031 ", 20 ," 5,459 ",,,,,,
,2879, 2 , 587 , 3 , 950 , 16 ," 4,094 ", 14 ," 3,953 ",,,,,,
,2726, 8 ," 3,413 ", 4 , 877 , 11 ," 3,147 ", 9 ," 1,875 ",,,,,,
,2626, 3 , 397 , 2 , 295 , 11 ," 2,370 ", 16 ," 4,451 ",,,,,,
,2387, 5 , 842 , 2 , 440 , 16 ," 4,267 ", 8 ," 2,398 ",,,,,,
,2733, 1 , 106 , 5 ," 1,012 ", 13 ," 4,121 ", 12 ," 3,153 ",,,,,,
,2725, 1 , 106 , 5 ," 1,640 ", 10 ," 3,001 ", 14 ," 3,827 ",,,,,,
,2476, 7 ," 1,535 ", 2 , 545 , 8 ," 2,191 ", 12 ," 4,766 ",,,,,,
,2878, 5 , 826 ,, -   , 14 ," 3,035 ", 10 ," 2,259 ",,,,,,
,2721, 1 , 248 , 7 , 781 , 4 , 868 , 13 ," 5,596 ",,,,,,
,2356, 3 , 929 , 3 , 952 , 10 ," 2,518 ", 8 ," 2,103 ",,,,,,
,2408, 1 , 248 , 3 , 481 , 10 ," 3,299 ", 8 ," 2,106 ",,,,,,
,2633, 3 ," 2,438 ", 6 ," 1,891 ", 5 ," 1,446 ", 6 ," 1,728 ",,,,,,
,2410, 5 , 894 , 2 , 221 , 5 ," 1,819 ", 6 ," 1,769 ",,,,,,
,2838, 1 , 109 , 1 , 260 , 6 ," 1,228 ", 8 ," 2,106 ",,,,,,
,2475, -   , -   , -   , -   , 9 ," 2,300 ", 5 ," 1,128 ",,,,,,
,2808, -   , -   , 6 , 817 , 2 , 679 , 3 , 774 ,,,,,,
,2898, 4 , 572 , 5 , 776 , -   , -   , 1 , 558 ,,,,,,
,2736, 2 , 514 , 1 , 254 , 6 ," 1,368 ", 1 , 186 ,,,,,,
,2411, 3 , 605 , 1 , 254 , 2 , 496 , 3 , 632 ,,,,,,
,2899, 1 , 405 , 2 , 524 , 1 , 248 , 4 , 880 ,,,,,,
,2735, -   , -   , -   , -   , 1 , 248 , 7 ," 1,537 ",,,,,,
,2624, 2 , 742 , 2 , 537 , 1 , 254 , 2 , 514 ,,,,,,
,2734, -   , -   , -   , -   , 5 ," 1,813 ", 2 , 520 ,,,,,,
